{"Mean":{"confidence_interval":{"confidence_level":0.95,"lower_bound":109.7414320163252,"upper_bound":110.71728546050745},"point_estimate":110.2075235113362,"standard_error":0.24934987961035848},"Median":{"confidence_interval":{"confidence_level":0.95,"lower_bound":109.41323844261025,"upper_bound":109.82066903979555},"point_estimate":109.63378085776705,"standard_error":0.0941450154590269},"MedianAbsDev":{"confidence_interval":{"confidence_level":0.95,"lower_bound":0.8020882819105184,"upper_bound":2.0912189934517174},"point_estimate":1.3607373794163653,"standard_error":0.34872976392171534},"Slope":{"confidence_interval":{"confidence_level":0.95,"lower_bound":110.15419248442335,"upper_bound":111.3506236708233},"point_estimate":110.72316183088897,"standard_error":0.3051162127664882},"StdDev":{"confidence_interval":{"confidence_level":0.95,"lower_bound":1.8436459144347583,"upper_bound":3.073539034241637},"point_estimate":2.502788992379491,"standard_error":0.31512166702871375}}