{"Mean":{"confidence_interval":{"confidence_level":0.95,"lower_bound":103.38769319547154,"upper_bound":103.47215096314639},"point_estimate":103.42947997722064,"standard_error":0.021443545144593113},"Median":{"confidence_interval":{"confidence_level":0.95,"lower_bound":103.41065180428787,"upper_bound":103.43891585841084},"point_estimate":103.421305749122,"standard_error":0.008051775764628174},"MedianAbsDev":{"confidence_interval":{"confidence_level":0.95,"lower_bound":0.03969638029383441,"upper_bound":0.0756522834749791},"point_estimate":0.053918978261766795,"standard_error":0.009131198665637653},"Slope":{"confidence_interval":{"confidence_level":0.95,"lower_bound":103.36016337178427,"upper_bound":103.46702306472574},"point_estimate":103.41529510540147,"standard_error":0.027046086278184542},"StdDev":{"confidence_interval":{"confidence_level":0.95,"lower_bound":0.13386996918973842,"upper_bound":0.28428264391351354},"point_estimate":0.21540318658841767,"standard_error":0.03833369213741247}}