{"Mean":{"confidence_interval":{"confidence_level":0.95,"lower_bound":62.81151662103131,"upper_bound":63.650204444542496},"point_estimate":63.12458035358757,"standard_error":0.2260443743591873},"Median":{"confidence_interval":{"confidence_level":0.95,"lower_bound":62.78478405445447,"upper_bound":62.80137392454567},"point_estimate":62.79162505553229,"standard_error":0.005109930982122095},"MedianAbsDev":{"confidence_interval":{"confidence_level":0.95,"lower_bound":0.04024757546074403,"upper_bound":0.07947551406191282},"point_estimate":0.054188124549648484,"standard_error":0.009617845642092417},"Slope":{"confidence_interval":{"confidence_level":0.95,"lower_bound":62.818040449053775,"upper_bound":63.11364197039219},"point_estimate":62.936702085321,"standard_error":0.07748949462419832},"StdDev":{"confidence_interval":{"confidence_level":0.95,"lower_bound":0.17710188877535227,"upper_bound":3.791044900702071},"point_estimate":2.2608249592887915,"standard_error":1.1107884214644586}}