{"Mean":{"confidence_interval":{"confidence_level":0.95,"lower_bound":86.75859047364163,"upper_bound":87.17993761765412},"point_estimate":86.91124721611597,"standard_error":0.12171138649319024},"Median":{"confidence_interval":{"confidence_level":0.95,"lower_bound":86.72721714701711,"upper_bound":86.81371912364163},"point_estimate":86.76548974960446,"standard_error":0.017963026294502728},"MedianAbsDev":{"confidence_interval":{"confidence_level":0.95,"lower_bound":0.1511731249031825,"upper_bound":0.2589281033806981},"point_estimate":0.21853566786590445,"standard_error":0.028236836664658337},"Slope":{"confidence_interval":{"confidence_level":0.95,"lower_bound":86.77485488494644,"upper_bound":86.85628132021743},"point_estimate":86.8150720009018,"standard_error":0.020751926810277023},"StdDev":{"confidence_interval":{"confidence_level":0.95,"lower_bound":0.18772517246851836,"upper_bound":2.0696794120545543},"point_estimate":1.2190074195985652,"standard_error":0.6603194136856825}}