{"Mean":{"confidence_interval":{"confidence_level":0.95,"lower_bound":86.8690391236714,"upper_bound":87.20370389594643},"point_estimate":87.01398915598269,"standard_error":0.08630971863464111},"Median":{"confidence_interval":{"confidence_level":0.95,"lower_bound":86.80524414128453,"upper_bound":86.8840479876161},"point_estimate":86.85435819180331,"standard_error":0.023443403875509358},"MedianAbsDev":{"confidence_interval":{"confidence_level":0.95,"lower_bound":0.12050542409754143,"upper_bound":0.2062906924192941},"point_estimate":0.16035253354166243,"standard_error":0.021632810493230535},"Slope":{"confidence_interval":{"confidence_level":0.95,"lower_bound":86.89514478710792,"upper_bound":87.27463281202304},"point_estimate":87.04958591719641,"standard_error":0.0989864623950132},"StdDev":{"confidence_interval":{"confidence_level":0.95,"lower_bound":0.2346849359209899,"upper_bound":1.2959826037958402},"point_estimate":0.8653340588171897,"standard_error":0.26824789107440783}}