{"Mean":{"confidence_interval":{"confidence_level":0.95,"lower_bound":100.93789808181387,"upper_bound":102.00111836247343},"point_estimate":101.4766688165302,"standard_error":0.2709102522316115},"Median":{"confidence_interval":{"confidence_level":0.95,"lower_bound":101.17777634006355,"upper_bound":102.18226130259421},"point_estimate":101.69363733642774,"standard_error":0.23213302449856868},"MedianAbsDev":{"confidence_interval":{"confidence_level":0.95,"lower_bound":1.6730263266995846,"upper_bound":3.6811503209841776},"point_estimate":2.902369237784474,"standard_error":0.5482561436990728},"Slope":{"confidence_interval":{"confidence_level":0.95,"lower_bound":98.94560471852178,"upper_bound":100.41736591423906},"point_estimate":99.66772350774932,"standard_error":0.37381388869324217},"StdDev":{"confidence_interval":{"confidence_level":0.95,"lower_bound":2.2593871144689524,"upper_bound":3.152045921964593},"point_estimate":2.7151278183690133,"standard_error":0.22835167004888915}}