{"Mean":{"confidence_interval":{"confidence_level":0.95,"lower_bound":85.79885573841554,"upper_bound":85.90017686041983},"point_estimate":85.8351204470534,"standard_error":0.03008996898194112},"Median":{"confidence_interval":{"confidence_level":0.95,"lower_bound":85.79709720776968,"upper_bound":85.81154021596952},"point_estimate":85.80455284873081,"standard_error":0.004173976107239604},"MedianAbsDev":{"confidence_interval":{"confidence_level":0.95,"lower_bound":0.019686239766939596,"upper_bound":0.03576956427983986},"point_estimate":0.02534316463329681,"standard_error":0.004120011018207332},"Slope":{"confidence_interval":{"confidence_level":0.95,"lower_bound":85.80786280626401,"upper_bound":85.82750363457161},"point_estimate":85.81675463642625,"standard_error":0.005039921023534135},"StdDev":{"confidence_interval":{"confidence_level":0.95,"lower_bound":0.032978212873320964,"upper_bound":0.5173151813022957},"point_estimate":0.3032132587015062,"standard_error":0.17059561720943714}}