{"Mean":{"confidence_interval":{"confidence_level":0.95,"lower_bound":82907.858191813,"upper_bound":84342.84207800936},"point_estimate":83573.5503470721,"standard_error":368.3455602587585},"Median":{"confidence_interval":{"confidence_level":0.95,"lower_bound":82164.83333333333,"upper_bound":82696.93529693485},"point_estimate":82357.29375000001,"standard_error":139.58212675286416},"MedianAbsDev":{"confidence_interval":{"confidence_level":0.95,"lower_bound":828.8173308769175,"upper_bound":2092.0893179115405},"point_estimate":1212.629021767861,"standard_error":337.7405002801398},"Slope":{"confidence_interval":{"confidence_level":0.95,"lower_bound":82620.15063935683,"upper_bound":83327.8573761189},"point_estimate":82955.27439633515,"standard_error":181.13406712320517},"StdDev":{"confidence_interval":{"confidence_level":0.95,"lower_bound":2369.969594271466,"upper_bound":4760.911803820006},"point_estimate":3683.9913375156634,"standard_error":611.6114761936477}}