{"Mean":{"confidence_interval":{"confidence_level":0.95,"lower_bound":34618.03037534024,"upper_bound":35347.03271735146},"point_estimate":34957.76511998008,"standard_error":185.6224530327551},"Median":{"confidence_interval":{"confidence_level":0.95,"lower_bound":34332.33908045977,"upper_bound":34659.49582577132},"point_estimate":34420.529642554364,"standard_error":80.48246163207932},"MedianAbsDev":{"confidence_interval":{"confidence_level":0.95,"lower_bound":501.9456525632893,"upper_bound":1063.212844786583},"point_estimate":834.0437941049129,"standard_error":142.03373893460778},"Slope":{"confidence_interval":{"confidence_level":0.95,"lower_bound":34528.72377413647,"upper_bound":35365.66998899453},"point_estimate":34906.5094824274,"standard_error":214.66846758657314},"StdDev":{"confidence_interval":{"confidence_level":0.95,"lower_bound":1236.6209627141438,"upper_bound":2444.9084630980724},"point_estimate":1869.4323421778279,"standard_error":310.91139124811974}}