{"Mean":{"confidence_interval":{"confidence_level":0.95,"lower_bound":33864.074838624394,"upper_bound":33962.37392934724},"point_estimate":33900.81433894721,"standard_error":27.15299517135813},"Median":{"confidence_interval":{"confidence_level":0.95,"lower_bound":33847.57306501548,"upper_bound":33856.327175567465},"point_estimate":33852.38303303304,"standard_error":2.568353639352074},"MedianAbsDev":{"confidence_interval":{"confidence_level":0.95,"lower_bound":13.312282260095737,"upper_bound":23.56027153128319},"point_estimate":18.623782224125513,"standard_error":2.653278599997702},"Slope":{"confidence_interval":{"confidence_level":0.95,"lower_bound":33855.422204969625,"upper_bound":33889.9324475851},"point_estimate":33871.055400423626,"standard_error":8.866901018211573},"StdDev":{"confidence_interval":{"confidence_level":0.95,"lower_bound":48.425353968974186,"upper_bound":458.2820418655784},"point_estimate":273.01652305489057,"standard_error":136.27393373207568}}