{"Mean":{"confidence_interval":{"confidence_level":0.95,"lower_bound":29227.445458948943,"upper_bound":29233.434068283437},"point_estimate":29230.166641887405,"standard_error":1.5372476247592333},"Median":{"confidence_interval":{"confidence_level":0.95,"lower_bound":29226.549019607843,"upper_bound":29229.741268382353},"point_estimate":29228.07257293161,"standard_error":0.768341155241675},"MedianAbsDev":{"confidence_interval":{"confidence_level":0.95,"lower_bound":4.3527818387630735,"upper_bound":7.703913392640804},"point_estimate":6.019940397503579,"standard_error":0.8613099898821198},"Slope":{"confidence_interval":{"confidence_level":0.95,"lower_bound":29228.323856614305,"upper_bound":29232.509612303973},"point_estimate":29230.230840845277,"standard_error":1.0708969451507708},"StdDev":{"confidence_interval":{"confidence_level":0.95,"lower_bound":8.317890866266207,"upper_bound":22.66385696064325},"point_estimate":15.417458747476184,"standard_error":3.921209056761965}}