{"Mean":{"confidence_interval":{"confidence_level":0.95,"lower_bound":77410.10089793894,"upper_bound":81419.5138255321},"point_estimate":79025.07591817786,"standard_error":1053.3303034104003},"Median":{"confidence_interval":{"confidence_level":0.95,"lower_bound":77219.78001235712,"upper_bound":78796.14339981007},"point_estimate":78147.78227092058,"standard_error":449.87565688879954},"MedianAbsDev":{"confidence_interval":{"confidence_level":0.95,"lower_bound":2339.9785372444335,"upper_bound":4133.754746710437},"point_estimate":3198.7324363873327,"standard_error":474.1837351584971},"Slope":{"confidence_interval":{"confidence_level":0.95,"lower_bound":78105.02131935014,"upper_bound":79788.98306890749},"point_estimate":78940.49944390765,"standard_error":429.378045818383},"StdDev":{"confidence_interval":{"confidence_level":0.95,"lower_bound":3595.4305932422226,"upper_bound":17205.863180814296},"point_estimate":10600.202623669937,"standard_error":4421.28679260177}}