{"Mean":{"confidence_interval":{"confidence_level":0.95,"lower_bound":16681.68568838909,"upper_bound":16881.639440311028},"point_estimate":16781.991174889616,"standard_error":50.99973738995483},"Median":{"confidence_interval":{"confidence_level":0.95,"lower_bound":16688.436713533643,"upper_bound":16891.073234463278},"point_estimate":16790.9366651799,"standard_error":61.31837019649762},"MedianAbsDev":{"confidence_interval":{"confidence_level":0.95,"lower_bound":444.06262476820797,"upper_bound":690.6434366006026},"point_estimate":564.2346811850422,"standard_error":63.25396323376611},"Slope":{"confidence_interval":{"confidence_level":0.95,"lower_bound":16451.207303711835,"upper_bound":16720.383677658923},"point_estimate":16582.408302054086,"standard_error":68.49681908593578},"StdDev":{"confidence_interval":{"confidence_level":0.95,"lower_bound":450.21250049290416,"upper_bound":566.1194400673095},"point_estimate":511.832016710945,"standard_error":29.696147488194473}}