{"Mean":{"confidence_interval":{"confidence_level":0.95,"lower_bound":16938.587429731186,"upper_bound":16970.24635584337},"point_estimate":16952.308307052324,"standard_error":8.147760359254036},"Median":{"confidence_interval":{"confidence_level":0.95,"lower_bound":16923.344530046226,"upper_bound":16938.78044091375},"point_estimate":16929.42416546239,"standard_error":3.5915534291221247},"MedianAbsDev":{"confidence_interval":{"confidence_level":0.95,"lower_bound":18.467657617118515,"upper_bound":36.36260368738522},"point_estimate":27.95442722270686,"standard_error":4.533394155455877},"Slope":{"confidence_interval":{"confidence_level":0.95,"lower_bound":16939.447884590514,"upper_bound":16959.502140281442},"point_estimate":16948.767016753787,"standard_error":5.123117628002426},"StdDev":{"confidence_interval":{"confidence_level":0.95,"lower_bound":41.154655582482796,"upper_bound":123.97534646252677},"point_estimate":81.94832460006427,"standard_error":25.092304588049466}}