{"Mean":{"confidence_interval":{"confidence_level":0.95,"lower_bound":39047.1334708215,"upper_bound":39743.85737997248},"point_estimate":39384.6441023281,"standard_error":177.02669994783508},"Median":{"confidence_interval":{"confidence_level":0.95,"lower_bound":38765.611881977675,"upper_bound":39514.99634930261},"point_estimate":39121.34766639936,"standard_error":200.6128474147886},"MedianAbsDev":{"confidence_interval":{"confidence_level":0.95,"lower_bound":1176.407558489583,"upper_bound":1729.1666930220722},"point_estimate":1511.1701573177074,"standard_error":142.0597965714463},"Slope":{"confidence_interval":{"confidence_level":0.95,"lower_bound":38573.90060667349,"upper_bound":39252.317332003266},"point_estimate":38895.267448736515,"standard_error":172.30270575697546},"StdDev":{"confidence_interval":{"confidence_level":0.95,"lower_bound":1387.4123306852641,"upper_bound":2133.249234367863},"point_estimate":1783.1466446635752,"standard_error":190.75214603443447}}