{"Mean":{"confidence_interval":{"confidence_level":0.95,"lower_bound":16937.298050839043,"upper_bound":16964.11378397379},"point_estimate":16947.987916055583,"standard_error":7.07822160732214},"Median":{"confidence_interval":{"confidence_level":0.95,"lower_bound":16935.885656463444,"upper_bound":16941.601981649037},"point_estimate":16938.999619496397,"standard_error":1.3810213591928198},"MedianAbsDev":{"confidence_interval":{"confidence_level":0.95,"lower_bound":7.596209482569551,"upper_bound":14.057728884394669},"point_estimate":10.23107258604767,"standard_error":1.7093676076244158},"Slope":{"confidence_interval":{"confidence_level":0.95,"lower_bound":16938.17332457446,"upper_bound":16944.92179801224},"point_estimate":16941.226096885934,"standard_error":1.7245392979696097},"StdDev":{"confidence_interval":{"confidence_level":0.95,"lower_bound":19.631418317735655,"upper_bound":116.68630352765545},"point_estimate":71.16884411955323,"standard_error":30.68418167222981}}