{"Mean":{"confidence_interval":{"confidence_level":0.95,"lower_bound":41406.47987874641,"upper_bound":42183.13474750502},"point_estimate":41757.510609721394,"standard_error":199.3366336685103},"Median":{"confidence_interval":{"confidence_level":0.95,"lower_bound":41078.02403846154,"upper_bound":41476.06802721089},"point_estimate":41227.34514790765,"standard_error":96.99753413007069},"MedianAbsDev":{"confidence_interval":{"confidence_level":0.95,"lower_bound":529.5764739314727,"upper_bound":1037.0450749327852},"point_estimate":720.6907234116097,"standard_error":120.70812471994884},"Slope":{"confidence_interval":{"confidence_level":0.95,"lower_bound":41454.89702678289,"upper_bound":42109.94324114253},"point_estimate":41755.44998583814,"standard_error":167.8467550561122},"StdDev":{"confidence_interval":{"confidence_level":0.95,"lower_bound":1024.9791000279856,"upper_bound":2815.0894588192255},"point_estimate":1998.3547835710758,"standard_error":459.5097320834306}}