{"Mean":{"confidence_interval":{"confidence_level":0.95,"lower_bound":17086.2790560229,"upper_bound":17455.30934879084},"point_estimate":17257.825227183213,"standard_error":94.17705078032049},"Median":{"confidence_interval":{"confidence_level":0.95,"lower_bound":16837.222020568664,"upper_bound":17223.7294176114},"point_estimate":16957.311935550082,"standard_error":105.28078754409285},"MedianAbsDev":{"confidence_interval":{"confidence_level":0.95,"lower_bound":463.64120579576286,"upper_bound":810.8498408227688},"point_estimate":714.0584028471275,"standard_error":94.48761725852636},"Slope":{"confidence_interval":{"confidence_level":0.95,"lower_bound":17158.933833767936,"upper_bound":17528.674317315123},"point_estimate":17338.25711933674,"standard_error":94.2910032134927},"StdDev":{"confidence_interval":{"confidence_level":0.95,"lower_bound":624.7700307662001,"upper_bound":1294.295288183885},"point_estimate":949.2674684046902,"standard_error":182.06007635290203}}