{"Mean":{"confidence_interval":{"confidence_level":0.95,"lower_bound":103.11893711679102,"upper_bound":103.32006960529382},"point_estimate":103.2268529006995,"standard_error":0.05129336181850931},"Median":{"confidence_interval":{"confidence_level":0.95,"lower_bound":103.32053868058851,"upper_bound":103.36510468352246},"point_estimate":103.34851968388949,"standard_error":0.01082333952949454},"MedianAbsDev":{"confidence_interval":{"confidence_level":0.95,"lower_bound":0.07295580984566112,"upper_bound":0.16224484457317764},"point_estimate":0.10056971576632404,"standard_error":0.024002535277421234},"Slope":{"confidence_interval":{"confidence_level":0.95,"lower_bound":103.24007782360533,"upper_bound":103.34587186262814},"point_estimate":103.2982429909513,"standard_error":0.027185297606057722},"StdDev":{"confidence_interval":{"confidence_level":0.95,"lower_bound":0.2548636155277584,"upper_bound":0.7407663443379384},"point_estimate":0.5154616166223343,"standard_error":0.12525636517744987}}