{"Mean":{"confidence_interval":{"confidence_level":0.95,"lower_bound":105.57986611838548,"upper_bound":107.08071998630523},"point_estimate":106.28853506910822,"standard_error":0.38346468059969413},"Median":{"confidence_interval":{"confidence_level":0.95,"lower_bound":105.03166923508822,"upper_bound":106.0674179494491},"point_estimate":105.4819228910636,"standard_error":0.31113126893612425},"MedianAbsDev":{"confidence_interval":{"confidence_level":0.95,"lower_bound":1.839367135994286,"upper_bound":3.1882536219699524},"point_estimate":2.4001735358916294,"standard_error":0.3379711340113246},"Slope":{"confidence_interval":{"confidence_level":0.95,"lower_bound":105.5029957518129,"upper_bound":106.95194791404815},"point_estimate":106.19974997722827,"standard_error":0.3688530383305145},"StdDev":{"confidence_interval":{"confidence_level":0.95,"lower_bound":2.6708355185470047,"upper_bound":5.0988680694753885},"point_estimate":3.8548890295193416,"standard_error":0.6453644781655384}}