{"Mean":{"confidence_interval":{"confidence_level":0.95,"lower_bound":62.818081779416126,"upper_bound":63.410493389773556},"point_estimate":63.059586315697736,"standard_error":0.1586175751385155},"Median":{"confidence_interval":{"confidence_level":0.95,"lower_bound":62.78839897578785,"upper_bound":62.815937712520586},"point_estimate":62.80588534939835,"standard_error":0.007182377765109908},"MedianAbsDev":{"confidence_interval":{"confidence_level":0.95,"lower_bound":0.04638455286518575,"upper_bound":0.08733838679677007},"point_estimate":0.05754682372775801,"standard_error":0.010549943271561316},"Slope":{"confidence_interval":{"confidence_level":0.95,"lower_bound":62.824393759507025,"upper_bound":63.18351176043456},"point_estimate":62.945342836125306,"standard_error":0.10085259809890013},"StdDev":{"confidence_interval":{"confidence_level":0.95,"lower_bound":0.1494631002892027,"upper_bound":2.503526248290445},"point_estimate":1.596533687277372,"standard_error":0.6411456315829577}}