{"Mean":{"confidence_interval":{"confidence_level":0.95,"lower_bound":330069.93733163114,"upper_bound":332477.3529876828},"point_estimate":331249.07723279047,"standard_error":613.3766668601645},"Median":{"confidence_interval":{"confidence_level":0.95,"lower_bound":329202.875,"upper_bound":332129.87152777775},"point_estimate":330053.94226750266,"standard_error":796.4896380324892},"MedianAbsDev":{"confidence_interval":{"confidence_level":0.95,"lower_bound":4165.032822989573,"upper_bound":6407.701890046142},"point_estimate":5336.094165754866,"standard_error":535.76124637816},"Slope":{"confidence_interval":{"confidence_level":0.95,"lower_bound":329856.34352805634,"upper_bound":332278.56368332397},"point_estimate":331004.23961775284,"standard_error":622.5537266988465},"StdDev":{"confidence_interval":{"confidence_level":0.95,"lower_bound":4984.3877065711695,"upper_bound":7262.614294113016},"point_estimate":6173.681562868209,"standard_error":583.7739306608773}}