{"Mean":{"confidence_interval":{"confidence_level":0.95,"lower_bound":313055.09477590624,"upper_bound":318500.3370969856},"point_estimate":315638.7184834702,"standard_error":1393.6857491955795},"Median":{"confidence_interval":{"confidence_level":0.95,"lower_bound":312043.1887755102,"upper_bound":316137.6935483871},"point_estimate":313869.8986175115,"standard_error":991.1729187757796},"MedianAbsDev":{"confidence_interval":{"confidence_level":0.95,"lower_bound":6448.398017879159,"upper_bound":13494.368263604965},"point_estimate":9850.483995555127,"standard_error":1871.6329727350897},"Slope":{"confidence_interval":{"confidence_level":0.95,"lower_bound":312891.40080895193,"upper_bound":317296.9737577324},"point_estimate":314989.62568494165,"standard_error":1121.4522795791572},"StdDev":{"confidence_interval":{"confidence_level":0.95,"lower_bound":9789.583677406768,"upper_bound":17833.554850947436},"point_estimate":13986.047159000258,"standard_error":2063.7839260301093}}