{"Mean":{"confidence_interval":{"confidence_level":0.95,"lower_bound":116768.05035686892,"upper_bound":116924.42921429376},"point_estimate":116823.21602896975,"standard_error":46.888829940182035},"Median":{"confidence_interval":{"confidence_level":0.95,"lower_bound":116763.42376543209,"upper_bound":116776.41953215691},"point_estimate":116769.65425774135,"standard_error":3.3002719312159927},"MedianAbsDev":{"confidence_interval":{"confidence_level":0.95,"lower_bound":16.325523533783105,"upper_bound":28.42297975049568},"point_estimate":20.142500637158747,"standard_error":3.0294712900467777},"Slope":{"confidence_interval":{"confidence_level":0.95,"lower_bound":116771.23305997803,"upper_bound":116789.29063248707},"point_estimate":116778.8019805264,"standard_error":4.672386374351894},"StdDev":{"confidence_interval":{"confidence_level":0.95,"lower_bound":28.920024270537684,"upper_bound":807.984522281086},"point_estimate":473.26707311610716,"standard_error":270.0134167986417}}