{"Mean":{"confidence_interval":{"confidence_level":0.95,"lower_bound":135389.1614841868,"upper_bound":135638.99465537793},"point_estimate":135498.50617832772,"standard_error":64.286060337733},"Median":{"confidence_interval":{"confidence_level":0.95,"lower_bound":135257.3515625,"upper_bound":135434.43576388888},"point_estimate":135317.31845238095,"standard_error":47.59466933707686},"MedianAbsDev":{"confidence_interval":{"confidence_level":0.95,"lower_bound":181.34880819991133,"upper_bound":351.7985228134957},"point_estimate":249.41410477356828,"standard_error":45.65532878613825},"Slope":{"confidence_interval":{"confidence_level":0.95,"lower_bound":135366.2419928549,"upper_bound":135606.12694019664},"point_estimate":135471.84889057188,"standard_error":61.920101381217336},"StdDev":{"confidence_interval":{"confidence_level":0.95,"lower_bound":300.21268250408156,"upper_bound":974.2540981740744},"point_estimate":645.5860454238325,"standard_error":189.6512910331599}}