{"Mean":{"confidence_interval":{"confidence_level":0.95,"lower_bound":139414.34359981623,"upper_bound":139765.66673553872},"point_estimate":139579.32422236138,"standard_error":89.54438147811535},"Median":{"confidence_interval":{"confidence_level":0.95,"lower_bound":139434.87096774194,"upper_bound":139965.6086065574},"point_estimate":139661.74017857143,"standard_error":147.31478534905077},"MedianAbsDev":{"confidence_interval":{"confidence_level":0.95,"lower_bound":378.0417468948425,"upper_bound":879.770164517996},"point_estimate":709.3236931194261,"standard_error":146.69205416977735},"Slope":{"confidence_interval":{"confidence_level":0.95,"lower_bound":139551.57266224333,"upper_bound":139829.38293939162},"point_estimate":139696.1533438008,"standard_error":71.29344526720396},"StdDev":{"confidence_interval":{"confidence_level":0.95,"lower_bound":606.4493199420378,"upper_bound":1254.6143726573957},"point_estimate":898.4946272460094,"standard_error":189.41175358679394}}