{"Mean":{"confidence_interval":{"confidence_level":0.95,"lower_bound":88.407961640305,"upper_bound":89.68707409815738},"point_estimate":89.03500151444554,"standard_error":0.327120225336849},"Median":{"confidence_interval":{"confidence_level":0.95,"lower_bound":87.65821985872748,"upper_bound":89.00058578368305},"point_estimate":88.38200143676825,"standard_error":0.2989542266954413},"MedianAbsDev":{"confidence_interval":{"confidence_level":0.95,"lower_bound":2.28744401487159,"upper_bound":3.793723038362566},"point_estimate":2.9142251751998742,"standard_error":0.39230539216927685},"Slope":{"confidence_interval":{"confidence_level":0.95,"lower_bound":87.92707987512884,"upper_bound":89.15450054229795},"point_estimate":88.50873070031344,"standard_error":0.3143180761264553},"StdDev":{"confidence_interval":{"confidence_level":0.95,"lower_bound":2.780777927290469,"upper_bound":3.758284068368765},"point_estimate":3.298569885797033,"standard_error":0.25021607032130483}}