{"Mean":{"confidence_interval":{"confidence_level":0.95,"lower_bound":102.19238194652527,"upper_bound":103.60333886623884},"point_estimate":102.89187827017444,"standard_error":0.35966275028616235},"Median":{"confidence_interval":{"confidence_level":0.95,"lower_bound":102.05163675499209,"upper_bound":103.55956278491504},"point_estimate":102.7223001730047,"standard_error":0.41083758426915473},"MedianAbsDev":{"confidence_interval":{"confidence_level":0.95,"lower_bound":2.128744578631153,"upper_bound":3.4721675409915713},"point_estimate":2.822004184886725,"standard_error":0.3454693851027204},"Slope":{"confidence_interval":{"confidence_level":0.95,"lower_bound":102.0568139993099,"upper_bound":104.33483517833628},"point_estimate":103.14415155708902,"standard_error":0.5822467189954815},"StdDev":{"confidence_interval":{"confidence_level":0.95,"lower_bound":2.925737747353206,"upper_bound":4.288313003108381},"point_estimate":3.623840218284919,"standard_error":0.34814617368338074}}