{"Mean":{"confidence_interval":{"confidence_level":0.95,"lower_bound":105.76433207049406,"upper_bound":107.55017043107144},"point_estimate":106.61826880770843,"standard_error":0.4560798707020176},"Median":{"confidence_interval":{"confidence_level":0.95,"lower_bound":104.64709712409224,"upper_bound":106.39493673994961},"point_estimate":105.37371644646167,"standard_error":0.37324915975780965},"MedianAbsDev":{"confidence_interval":{"confidence_level":0.95,"lower_bound":2.430584981187977,"upper_bound":4.304248637963259},"point_estimate":3.5449622042281512,"standard_error":0.5114259900607115},"Slope":{"confidence_interval":{"confidence_level":0.95,"lower_bound":106.4918200588036,"upper_bound":109.28197924868034},"point_estimate":107.7918188962231,"standard_error":0.7185211832842558},"StdDev":{"confidence_interval":{"confidence_level":0.95,"lower_bound":3.455067596994961,"upper_bound":5.745614467493328},"point_estimate":4.575412675974878,"standard_error":0.595697481667666}}