{"Mean":{"confidence_interval":{"confidence_level":0.95,"lower_bound":102.61414278309996,"upper_bound":104.06550850459114},"point_estimate":103.32086193962851,"standard_error":0.3708477638134667},"Median":{"confidence_interval":{"confidence_level":0.95,"lower_bound":101.88924281004924,"upper_bound":103.73169904409498},"point_estimate":103.07947622186339,"standard_error":0.5584916608055603},"MedianAbsDev":{"confidence_interval":{"confidence_level":0.95,"lower_bound":2.4429443663834047,"upper_bound":4.29431707655757},"point_estimate":3.552731893619454,"standard_error":0.4877707196033517},"Slope":{"confidence_interval":{"confidence_level":0.95,"lower_bound":103.29850614976404,"upper_bound":104.52159512297216},"point_estimate":103.90260872754955,"standard_error":0.3120660489588437},"StdDev":{"confidence_interval":{"confidence_level":0.95,"lower_bound":3.0185918843265247,"upper_bound":4.448581584521571},"point_estimate":3.727620848698188,"standard_error":0.3681548901520699}}