{"Mean":{"confidence_interval":{"confidence_level":0.95,"lower_bound":111.84284269192179,"upper_bound":115.06092596881336},"point_estimate":113.34275094207781,"standard_error":0.8240776175231543},"Median":{"confidence_interval":{"confidence_level":0.95,"lower_bound":109.70457874319436,"upper_bound":111.08262905436273},"point_estimate":110.21252995439718,"standard_error":0.3173867137221398},"MedianAbsDev":{"confidence_interval":{"confidence_level":0.95,"lower_bound":1.7952883220472005,"upper_bound":3.6566715288685963},"point_estimate":2.602464034144206,"standard_error":0.48470932827867236},"Slope":{"confidence_interval":{"confidence_level":0.95,"lower_bound":111.12288467258895,"upper_bound":113.25320633929172},"point_estimate":112.09441746023398,"standard_error":0.5455242435048933},"StdDev":{"confidence_interval":{"confidence_level":0.95,"lower_bound":5.507802746349382,"upper_bound":11.008918260896998},"point_estimate":8.297884564054351,"standard_error":1.4296102811026357}}