{"Mean":{"confidence_interval":{"confidence_level":0.95,"lower_bound":88.34721934397021,"upper_bound":89.83765951146198},"point_estimate":89.072158923393,"standard_error":0.3797313467382087},"Median":{"confidence_interval":{"confidence_level":0.95,"lower_bound":87.08160194761992,"upper_bound":88.79674439000786},"point_estimate":87.82935159700045,"standard_error":0.49925191034637945},"MedianAbsDev":{"confidence_interval":{"confidence_level":0.95,"lower_bound":2.002981568368153,"upper_bound":3.9648907769185477},"point_estimate":2.9023681059181063,"standard_error":0.5532409849686982},"Slope":{"confidence_interval":{"confidence_level":0.95,"lower_bound":87.54247768096381,"upper_bound":89.02017909453775},"point_estimate":88.23003551932635,"standard_error":0.37667146856907247},"StdDev":{"confidence_interval":{"confidence_level":0.95,"lower_bound":3.0940476269941564,"upper_bound":4.50997310309078},"point_estimate":3.8151560873999784,"standard_error":0.3633716324177401}}