{"Mean":{"confidence_interval":{"confidence_level":0.95,"lower_bound":106.69648425197782,"upper_bound":108.73094524344948},"point_estimate":107.64756215323312,"standard_error":0.5213820419433479},"Median":{"confidence_interval":{"confidence_level":0.95,"lower_bound":105.87292486138341,"upper_bound":107.43121246692144},"point_estimate":106.80513851405453,"standard_error":0.4136624228602269},"MedianAbsDev":{"confidence_interval":{"confidence_level":0.95,"lower_bound":2.3664409157318773,"upper_bound":3.5859182109221095},"point_estimate":3.05168220361784,"standard_error":0.3058167382298235},"Slope":{"confidence_interval":{"confidence_level":0.95,"lower_bound":106.02213564134087,"upper_bound":107.7548143634241},"point_estimate":106.84827602380204,"standard_error":0.44247433787711976},"StdDev":{"confidence_interval":{"confidence_level":0.95,"lower_bound":3.3859116316574434,"upper_bound":6.831714925051744},"point_estimate":5.230823019541159,"standard_error":0.8821550859626631}}