{"Mean":{"confidence_interval":{"confidence_level":0.95,"lower_bound":35085.31565535979,"upper_bound":35109.948335969806},"point_estimate":35097.85739466178,"standard_error":6.266749163920571},"Median":{"confidence_interval":{"confidence_level":0.95,"lower_bound":35092.707952146375,"upper_bound":35100.504137931035},"point_estimate":35097.243911261154,"standard_error":2.1493052415644853},"MedianAbsDev":{"confidence_interval":{"confidence_level":0.95,"lower_bound":13.509830304029915,"upper_bound":25.759367659187507},"point_estimate":19.315551036391646,"standard_error":2.988000765981421},"Slope":{"confidence_interval":{"confidence_level":0.95,"lower_bound":35092.61597533385,"upper_bound":35104.34484192833},"point_estimate":35098.2299756934,"standard_error":3.0048727046258445},"StdDev":{"confidence_interval":{"confidence_level":0.95,"lower_bound":47.17719297293689,"upper_bound":76.24874783437099},"point_estimate":62.88297604296262,"standard_error":7.419187300059241}}