{"Mean":{"confidence_interval":{"confidence_level":0.95,"lower_bound":33751.95989600834,"upper_bound":34138.31102911025},"point_estimate":33946.18635195842,"standard_error":98.47188321410859},"Median":{"confidence_interval":{"confidence_level":0.95,"lower_bound":33656.27444444445,"upper_bound":34321.810843373496},"point_estimate":34043.69183006536,"standard_error":176.85609721575014},"MedianAbsDev":{"confidence_interval":{"confidence_level":0.95,"lower_bound":818.9709380378824,"upper_bound":1308.1588117840427},"point_estimate":1032.9805889232275,"standard_error":123.64967303568804},"Slope":{"confidence_interval":{"confidence_level":0.95,"lower_bound":33496.50887608961,"upper_bound":34002.07015925313},"point_estimate":33752.548474951975,"standard_error":129.33650930070752},"StdDev":{"confidence_interval":{"confidence_level":0.95,"lower_bound":863.9317148222037,"upper_bound":1103.7985672280365},"point_estimate":990.3496746614514,"standard_error":61.08333859865021}}