{"Mean":{"confidence_interval":{"confidence_level":0.95,"lower_bound":21705.60009383456,"upper_bound":21761.651209360687},"point_estimate":21729.06417444614,"standard_error":14.588953657476239},"Median":{"confidence_interval":{"confidence_level":0.95,"lower_bound":21691.543956043955,"upper_bound":21706.492261342155},"point_estimate":21698.818580163042,"standard_error":3.9046376939001473},"MedianAbsDev":{"confidence_interval":{"confidence_level":0.95,"lower_bound":22.5625829327681,"upper_bound":38.96798052798662},"point_estimate":29.998363366613233,"standard_error":4.080782886776225},"Slope":{"confidence_interval":{"confidence_level":0.95,"lower_bound":21703.891620136368,"upper_bound":21754.022117210377},"point_estimate":21725.68645511144,"standard_error":12.873605143230312},"StdDev":{"confidence_interval":{"confidence_level":0.95,"lower_bound":46.959582920274634,"upper_bound":231.62879903526763},"point_estimate":146.55600316732153,"standard_error":52.28698129517058}}