{"Mean":{"confidence_interval":{"confidence_level":0.95,"lower_bound":33848.115505976995,"upper_bound":33923.292096105375},"point_estimate":33877.996600199884,"standard_error":19.761791584049647},"Median":{"confidence_interval":{"confidence_level":0.95,"lower_bound":33820.465595408896,"upper_bound":33845.59423076923},"point_estimate":33828.488961038965,"standard_error":7.639811964456978},"MedianAbsDev":{"confidence_interval":{"confidence_level":0.95,"lower_bound":27.89611991000785,"upper_bound":58.24481031817494},"point_estimate":42.81149430143363,"standard_error":8.4250524015612},"Slope":{"confidence_interval":{"confidence_level":0.95,"lower_bound":33848.4705481311,"upper_bound":33895.99362879388},"point_estimate":33870.77861277769,"standard_error":12.154875345279304},"StdDev":{"confidence_interval":{"confidence_level":0.95,"lower_bound":66.96523170911408,"upper_bound":322.7973672266697},"point_estimate":198.43878646406054,"standard_error":84.40195467081324}}