{"Mean":{"confidence_interval":{"confidence_level":0.95,"lower_bound":30446.90642001958,"upper_bound":30941.956776241608},"point_estimate":30686.3399997331,"standard_error":126.40956357449707},"Median":{"confidence_interval":{"confidence_level":0.95,"lower_bound":30192.48453364817,"upper_bound":30525.329768270945},"point_estimate":30404.974603174604,"standard_error":108.86117874628533},"MedianAbsDev":{"confidence_interval":{"confidence_level":0.95,"lower_bound":608.3773331640433,"upper_bound":1146.3629393786268},"point_estimate":970.8716320976794,"standard_error":140.06101417350976},"Slope":{"confidence_interval":{"confidence_level":0.95,"lower_bound":30626.760421491766,"upper_bound":31432.599258608992},"point_estimate":31002.797467746776,"standard_error":206.4724702758842},"StdDev":{"confidence_interval":{"confidence_level":0.95,"lower_bound":1004.8467037135134,"upper_bound":1505.9226242482587},"point_estimate":1267.501979022812,"standard_error":128.38921523823035}}