{"Mean":{"confidence_interval":{"confidence_level":0.95,"lower_bound":62.79447298974415,"upper_bound":62.99128605802155},"point_estimate":62.87302109654463,"standard_error":0.05213462905883279},"Median":{"confidence_interval":{"confidence_level":0.95,"lower_bound":62.78041174040173,"upper_bound":62.80653561958727},"point_estimate":62.79682199593443,"standard_error":0.006525330875047872},"MedianAbsDev":{"confidence_interval":{"confidence_level":0.95,"lower_bound":0.03913323220064181,"upper_bound":0.06794854228767906},"point_estimate":0.04644840321222525,"standard_error":0.007278991197365768},"Slope":{"confidence_interval":{"confidence_level":0.95,"lower_bound":62.784393084366236,"upper_bound":62.83268468408313},"point_estimate":62.806238811455856,"standard_error":0.012382999248121624},"StdDev":{"confidence_interval":{"confidence_level":0.95,"lower_bound":0.0724776236512865,"upper_bound":0.849299346786337},"point_estimate":0.5233482969599177,"standard_error":0.21828628487763815}}