{"Mean":{"confidence_interval":{"confidence_level":0.95,"lower_bound":86.75378477503166,"upper_bound":87.04625488525447},"point_estimate":86.87997520880073,"standard_error":0.07566173020407614},"Median":{"confidence_interval":{"confidence_level":0.95,"lower_bound":86.6785426236564,"upper_bound":86.767274056353},"point_estimate":86.71852674719585,"standard_error":0.01947518432498863},"MedianAbsDev":{"confidence_interval":{"confidence_level":0.95,"lower_bound":0.13924182275397876,"upper_bound":0.2288863025040077},"point_estimate":0.18665113206977,"standard_error":0.02266882580672776},"Slope":{"confidence_interval":{"confidence_level":0.95,"lower_bound":86.72924541403889,"upper_bound":86.83698229851524},"point_estimate":86.77829213546649,"standard_error":0.02765796268481267},"StdDev":{"confidence_interval":{"confidence_level":0.95,"lower_bound":0.225345624669264,"upper_bound":1.1571331903969941},"point_estimate":0.7621300768629774,"standard_error":0.23489790195147298}}