{"Mean":{"confidence_interval":{"confidence_level":0.95,"lower_bound":100.70015897832191,"upper_bound":102.4267172550181},"point_estimate":101.50718736578341,"standard_error":0.43979942624470697},"Median":{"confidence_interval":{"confidence_level":0.95,"lower_bound":100.18397981241128,"upper_bound":101.58516549783516},"point_estimate":100.85584313345372,"standard_error":0.37087259201475226},"MedianAbsDev":{"confidence_interval":{"confidence_level":0.95,"lower_bound":2.263061418344028,"upper_bound":3.705918463108304},"point_estimate":3.1127303369548813,"standard_error":0.37486500823299485},"Slope":{"confidence_interval":{"confidence_level":0.95,"lower_bound":99.87043274015068,"upper_bound":101.50866216390892},"point_estimate":100.64019130616721,"standard_error":0.41807871730011836},"StdDev":{"confidence_interval":{"confidence_level":0.95,"lower_bound":2.8768314913708686,"upper_bound":5.992302780898462},"point_estimate":4.416603712007751,"standard_error":0.8225001702576328}}