{"Mean":{"confidence_interval":{"confidence_level":0.95,"lower_bound":86.88601868150491,"upper_bound":87.3115733396091},"point_estimate":87.05916063443655,"standard_error":0.11198760078666307},"Median":{"confidence_interval":{"confidence_level":0.95,"lower_bound":86.80401668129939,"upper_bound":86.91831810557562},"point_estimate":86.86973636848785,"standard_error":0.027243729344835693},"MedianAbsDev":{"confidence_interval":{"confidence_level":0.95,"lower_bound":0.1439568632209054,"upper_bound":0.2344543960288162},"point_estimate":0.19137545365678624,"standard_error":0.022430121063081683},"Slope":{"confidence_interval":{"confidence_level":0.95,"lower_bound":86.87405389366593,"upper_bound":87.0226245352707},"point_estimate":86.94264807664837,"standard_error":0.03814419786125187},"StdDev":{"confidence_interval":{"confidence_level":0.95,"lower_bound":0.22682033242603583,"upper_bound":1.8172972001528895},"point_estimate":1.1270082409781494,"standard_error":0.4491630987380554}}