{"Mean":{"confidence_interval":{"confidence_level":0.95,"lower_bound":97.86914017485176,"upper_bound":99.30042064867457},"point_estimate":98.60089684922079,"standard_error":0.36698862440710067},"Median":{"confidence_interval":{"confidence_level":0.95,"lower_bound":97.9327881081779,"upper_bound":99.88578686247271},"point_estimate":98.91565734638243,"standard_error":0.539696818067464},"MedianAbsDev":{"confidence_interval":{"confidence_level":0.95,"lower_bound":2.7985790674102495,"upper_bound":4.389550998379109},"point_estimate":3.677978212724728,"standard_error":0.4053441057040375},"Slope":{"confidence_interval":{"confidence_level":0.95,"lower_bound":98.01994020838283,"upper_bound":99.42066105967331},"point_estimate":98.70752106027544,"standard_error":0.35829647275162646},"StdDev":{"confidence_interval":{"confidence_level":0.95,"lower_bound":2.9820210414873856,"upper_bound":4.337735297418668},"point_estimate":3.6858376513761515,"standard_error":0.34699598730049713}}