{"Mean":{"confidence_interval":{"confidence_level":0.95,"lower_bound":43490.90612608713,"upper_bound":43561.32888874794},"point_estimate":43519.507126991266,"standard_error":18.39732146016266},"Median":{"confidence_interval":{"confidence_level":0.95,"lower_bound":43487.22619047618,"upper_bound":43516.81562121416},"point_estimate":43502.474683080145,"standard_error":6.4292196301255755},"MedianAbsDev":{"confidence_interval":{"confidence_level":0.95,"lower_bound":44.014474622261055,"upper_bound":90.52632025183476},"point_estimate":61.862910925039635,"standard_error":11.28663932551989},"Slope":{"confidence_interval":{"confidence_level":0.95,"lower_bound":43504.66285220504,"upper_bound":43543.09749213289},"point_estimate":43522.60538534191,"standard_error":9.817946762267836},"StdDev":{"confidence_interval":{"confidence_level":0.95,"lower_bound":69.03303603263383,"upper_bound":297.65215457641926},"point_estimate":184.72059262578074,"standard_error":74.08561417344696}}