{"Mean":{"confidence_interval":{"confidence_level":0.95,"lower_bound":58410.708532196084,"upper_bound":58524.80502793057},"point_estimate":58450.39672942057,"standard_error":35.28132851674065},"Median":{"confidence_interval":{"confidence_level":0.95,"lower_bound":58407.293722194765,"upper_bound":58413.15627743635},"point_estimate":58410.60082624704,"standard_error":1.599828822424782},"MedianAbsDev":{"confidence_interval":{"confidence_level":0.95,"lower_bound":11.433380183071558,"upper_bound":18.56063651705063},"point_estimate":14.558666734653677,"standard_error":1.7745287968514374},"Slope":{"confidence_interval":{"confidence_level":0.95,"lower_bound":58407.48949877138,"upper_bound":58415.30896047426},"point_estimate":58411.082296960165,"standard_error":1.9953719893270327},"StdDev":{"confidence_interval":{"confidence_level":0.95,"lower_bound":22.58724184963052,"upper_bound":604.0658857943807},"point_estimate":352.9538884499067,"standard_error":207.79483397591375}}