{"Mean":{"confidence_interval":{"confidence_level":0.95,"lower_bound":158368.7499072918,"upper_bound":160935.82440773642},"point_estimate":159548.4827725189,"standard_error":655.3261434805534},"Median":{"confidence_interval":{"confidence_level":0.95,"lower_bound":157832.17641996557,"upper_bound":159538.2231139647},"point_estimate":158851.92836438923,"standard_error":416.89615225773167},"MedianAbsDev":{"confidence_interval":{"confidence_level":0.95,"lower_bound":2729.2547515460237,"upper_bound":4920.102933208977},"point_estimate":3989.2012767664405,"standard_error":547.8835317845502},"Slope":{"confidence_interval":{"confidence_level":0.95,"lower_bound":157172.23660503983,"upper_bound":159603.2630827275},"point_estimate":158345.09319554982,"standard_error":621.6389175944392},"StdDev":{"confidence_interval":{"confidence_level":0.95,"lower_bound":4036.804203238254,"upper_bound":9267.017800302508},"point_estimate":6584.27950328808,"standard_error":1424.4710791356204}}