{"Mean":{"confidence_interval":{"confidence_level":0.95,"lower_bound":165400.2722892764,"upper_bound":168174.465677109},"point_estimate":166657.93117769386,"standard_error":709.4219305387443},"Median":{"confidence_interval":{"confidence_level":0.95,"lower_bound":163896.1851851852,"upper_bound":165021.0185185185},"point_estimate":164282.96389524534,"standard_error":291.12995940216166},"MedianAbsDev":{"confidence_interval":{"confidence_level":0.95,"lower_bound":1639.111766258201,"upper_bound":3326.5001912887856},"point_estimate":2187.7252873616612,"standard_error":446.18492103447744},"Slope":{"confidence_interval":{"confidence_level":0.95,"lower_bound":165323.55084315062,"upper_bound":167708.9925665918},"point_estimate":166428.58474557905,"standard_error":608.8780989886006},"StdDev":{"confidence_interval":{"confidence_level":0.95,"lower_bound":4224.053422390529,"upper_bound":9923.090628048905},"point_estimate":7082.086534718928,"standard_error":1508.0140048644744}}