{"Mean":{"confidence_interval":{"confidence_level":0.95,"lower_bound":102.1934788356554,"upper_bound":102.87607832889981},"point_estimate":102.5399156023846,"standard_error":0.17370340281415603},"Median":{"confidence_interval":{"confidence_level":0.95,"lower_bound":102.03789174326539,"upper_bound":103.25920846559892},"point_estimate":102.57934685638735,"standard_error":0.3112110469570715},"MedianAbsDev":{"confidence_interval":{"confidence_level":0.95,"lower_bound":1.629513109456613,"upper_bound":2.528365826336644},"point_estimate":2.3211788196172884,"standard_error":0.2476281415095532},"Slope":{"confidence_interval":{"confidence_level":0.95,"lower_bound":101.98436300693419,"upper_bound":102.84564127989458},"point_estimate":102.41660564177641,"standard_error":0.21991934138302224},"StdDev":{"confidence_interval":{"confidence_level":0.95,"lower_bound":1.4984662154920596,"upper_bound":2.013073588853428},"point_estimate":1.7491665049895486,"standard_error":0.13252661588044215}}