{"Mean":{"confidence_interval":{"confidence_level":0.95,"lower_bound":86.87505523538745,"upper_bound":87.35132522629468},"point_estimate":87.07174598286197,"standard_error":0.12526935538312176},"Median":{"confidence_interval":{"confidence_level":0.95,"lower_bound":86.73451386427598,"upper_bound":86.86151145440184},"point_estimate":86.79953685298105,"standard_error":0.03166209890668123},"MedianAbsDev":{"confidence_interval":{"confidence_level":0.95,"lower_bound":0.14515928976553882,"upper_bound":0.28794349822035936},"point_estimate":0.21276213295519067,"standard_error":0.03492469659203376},"Slope":{"confidence_interval":{"confidence_level":0.95,"lower_bound":86.86366739363176,"upper_bound":87.41769797553096},"point_estimate":87.074929928209,"standard_error":0.15037152148608807},"StdDev":{"confidence_interval":{"confidence_level":0.95,"lower_bound":0.29221629806656363,"upper_bound":2.0140846719692354},"point_estimate":1.257051557575164,"standard_error":0.48465242785640755}}