{"Mean":{"confidence_interval":{"confidence_level":0.95,"lower_bound":103.37971447041215,"upper_bound":103.40291195909631},"point_estimate":103.39058744677973,"standard_error":0.005924086624841048},"Median":{"confidence_interval":{"confidence_level":0.95,"lower_bound":103.38012198097906,"upper_bound":103.38827023178266},"point_estimate":103.385084255015,"standard_error":0.0027306452288702204},"MedianAbsDev":{"confidence_interval":{"confidence_level":0.95,"lower_bound":0.015566316105648055,"upper_bound":0.027637120358309515},"point_estimate":0.022432987134335957,"standard_error":0.0030619984673373687},"Slope":{"confidence_interval":{"confidence_level":0.95,"lower_bound":103.38506691404788,"upper_bound":103.40114193483414},"point_estimate":103.39258668768561,"standard_error":0.004103661177596887},"StdDev":{"confidence_interval":{"confidence_level":0.95,"lower_bound":0.029214660172602134,"upper_bound":0.08691757956982389},"point_estimate":0.05961061394873285,"standard_error":0.014980152780033609}}