{"Mean":{"confidence_interval":{"confidence_level":0.95,"lower_bound":86.77851149158981,"upper_bound":87.23450702562316},"point_estimate":86.95694118087204,"standard_error":0.1207693349799299},"Median":{"confidence_interval":{"confidence_level":0.95,"lower_bound":86.70006963459541,"upper_bound":86.77878050258565},"point_estimate":86.7320160794581,"standard_error":0.01881337289348023},"MedianAbsDev":{"confidence_interval":{"confidence_level":0.95,"lower_bound":0.12311970709774021,"upper_bound":0.2240237367917326},"point_estimate":0.17495012830416748,"standard_error":0.027105423308323575},"Slope":{"confidence_interval":{"confidence_level":0.95,"lower_bound":86.73601873120543,"upper_bound":86.83817611387694},"point_estimate":86.7826821126707,"standard_error":0.026119814852326544},"StdDev":{"confidence_interval":{"confidence_level":0.95,"lower_bound":0.22534230756513238,"upper_bound":1.9954623526470943},"point_estimate":1.2137064506558657,"standard_error":0.528701613539346}}