{"Mean":{"confidence_interval":{"confidence_level":0.95,"lower_bound":62.815800000800685,"upper_bound":63.01433319432188},"point_estimate":62.896140455047295,"standard_error":0.051945596178770155},"Median":{"confidence_interval":{"confidence_level":0.95,"lower_bound":62.79190719070414,"upper_bound":62.81097118192205},"point_estimate":62.79945273030678,"standard_error":0.004200897431651783},"MedianAbsDev":{"confidence_interval":{"confidence_level":0.95,"lower_bound":0.040121826725668885,"upper_bound":0.07350674502304881},"point_estimate":0.05723447217816861,"standard_error":0.008863134881194048},"Slope":{"confidence_interval":{"confidence_level":0.95,"lower_bound":62.80705471857714,"upper_bound":62.90201898750173},"point_estimate":62.84696337919316,"standard_error":0.02451802382567791},"StdDev":{"confidence_interval":{"confidence_level":0.95,"lower_bound":0.13061751360203358,"upper_bound":0.8449278792073075},"point_estimate":0.5217431647543818,"standard_error":0.20956404817799962}}