{"Mean":{"confidence_interval":{"confidence_level":0.95,"lower_bound":85.80800961866875,"upper_bound":85.84546253189954},"point_estimate":85.8249143752447,"standard_error":0.009599704735176877},"Median":{"confidence_interval":{"confidence_level":0.95,"lower_bound":85.79782025520456,"upper_bound":85.80739397805246},"point_estimate":85.80215233223512,"standard_error":0.0023278599433291885},"MedianAbsDev":{"confidence_interval":{"confidence_level":0.95,"lower_bound":0.015484728924443983,"upper_bound":0.029768167359595088},"point_estimate":0.023278446602042577,"standard_error":0.003542097322316368},"Slope":{"confidence_interval":{"confidence_level":0.95,"lower_bound":85.79931838719615,"upper_bound":85.82265040047628},"point_estimate":85.80941537217059,"standard_error":0.006003769904377307},"StdDev":{"confidence_interval":{"confidence_level":0.95,"lower_bound":0.04456313795139181,"upper_bound":0.13349165989772793},"point_estimate":0.09616053716410793,"standard_error":0.0218968055468732}}