{"Mean":{"confidence_interval":{"confidence_level":0.95,"lower_bound":15199.40264792522,"upper_bound":15413.587265472654},"point_estimate":15303.725379510668,"standard_error":54.634609705492146},"Median":{"confidence_interval":{"confidence_level":0.95,"lower_bound":15045.745597650253,"upper_bound":15252.279079861111},"point_estimate":15144.752894035219,"standard_error":56.61841549863734},"MedianAbsDev":{"confidence_interval":{"confidence_level":0.95,"lower_bound":337.958032862275,"upper_bound":634.1462671223355},"point_estimate":527.6510418931375,"standard_error":77.33963696551821},"Slope":{"confidence_interval":{"confidence_level":0.95,"lower_bound":15101.325612418352,"upper_bound":15277.946683586722},"point_estimate":15187.354229717748,"standard_error":45.12413725816598},"StdDev":{"confidence_interval":{"confidence_level":0.95,"lower_bound":457.92751163038486,"upper_bound":634.8644912439855},"point_estimate":549.9766947150893,"standard_error":45.17195071104892}}