{"Mean":{"confidence_interval":{"confidence_level":0.95,"lower_bound":10886.971684419488,"upper_bound":10924.255155560384},"point_estimate":10901.15241105219,"standard_error":10.154595984715415},"Median":{"confidence_interval":{"confidence_level":0.95,"lower_bound":10883.509627329193,"upper_bound":10892.892558528429},"point_estimate":10888.431464745156,"standard_error":2.2793616303703144},"MedianAbsDev":{"confidence_interval":{"confidence_level":0.95,"lower_bound":15.399056452787311,"upper_bound":25.925277862880435},"point_estimate":21.155129169875394,"standard_error":2.6819755409790638},"Slope":{"confidence_interval":{"confidence_level":0.95,"lower_bound":10886.523850446232,"upper_bound":10897.345435354806},"point_estimate":10891.73760178873,"standard_error":2.772779722340376},"StdDev":{"confidence_interval":{"confidence_level":0.95,"lower_bound":24.96045057209485,"upper_bound":170.01752426956892},"point_estimate":101.89222615032477,"standard_error":49.342867412423566}}