{"Mean":{"confidence_interval":{"confidence_level":0.95,"lower_bound":14630.96356428784,"upper_bound":14636.049056694112},"point_estimate":14633.262447498808,"standard_error":1.2989225620420846},"Median":{"confidence_interval":{"confidence_level":0.95,"lower_bound":14629.398113160518,"upper_bound":14631.905951483157},"point_estimate":14630.233731617645,"standard_error":0.6515209991781948},"MedianAbsDev":{"confidence_interval":{"confidence_level":0.95,"lower_bound":3.6341078510822133,"upper_bound":6.689005203942999},"point_estimate":4.721905429082413,"standard_error":0.7741983383710316},"Slope":{"confidence_interval":{"confidence_level":0.95,"lower_bound":14632.2190617247,"upper_bound":14636.60429031929},"point_estimate":14634.069664765862,"standard_error":1.1276574878411307},"StdDev":{"confidence_interval":{"confidence_level":0.95,"lower_bound":6.542218372166213,"upper_bound":18.546148287663755},"point_estimate":13.059377260121796,"standard_error":3.103444127807487}}