{"Mean":{"confidence_interval":{"confidence_level":0.95,"lower_bound":17540.829146978635,"upper_bound":17587.63207293838},"point_estimate":17562.042145213894,"standard_error":12.015017934902657},"Median":{"confidence_interval":{"confidence_level":0.95,"lower_bound":17555.7343358396,"upper_bound":17562.1554170514},"point_estimate":17560.019138755983,"standard_error":1.4307481182069297},"MedianAbsDev":{"confidence_interval":{"confidence_level":0.95,"lower_bound":8.77968532410158,"upper_bound":23.423562303448527},"point_estimate":15.223859526981997,"standard_error":3.7437097125768175},"Slope":{"confidence_interval":{"confidence_level":0.95,"lower_bound":17541.868744567517,"upper_bound":17598.62596003928},"point_estimate":17564.426621970917,"standard_error":14.979463822688176},"StdDev":{"confidence_interval":{"confidence_level":0.95,"lower_bound":39.161632022988144,"upper_bound":178.219527118485},"point_estimate":120.61526702212758,"standard_error":34.43207752465439}}