{"Mean":{"confidence_interval":{"confidence_level":0.95,"lower_bound":86.85971962948999,"upper_bound":87.29970588412355},"point_estimate":87.03618040707418,"standard_error":0.11550843686567137},"Median":{"confidence_interval":{"confidence_level":0.95,"lower_bound":86.75072053744124,"upper_bound":86.89886722519519},"point_estimate":86.81461520320192,"standard_error":0.04513708060772648},"MedianAbsDev":{"confidence_interval":{"confidence_level":0.95,"lower_bound":0.1767794719794513,"upper_bound":0.3316055846940063},"point_estimate":0.2160872954483102,"standard_error":0.04411359494192816},"Slope":{"confidence_interval":{"confidence_level":0.95,"lower_bound":86.85973405851432,"upper_bound":87.08809337534724},"point_estimate":86.95145706913566,"standard_error":0.05937368067171504},"StdDev":{"confidence_interval":{"confidence_level":0.95,"lower_bound":0.249331041072828,"upper_bound":1.8742853664497876},"point_estimate":1.1555243025832174,"standard_error":0.46982259187859493}}