{"Mean":{"confidence_interval":{"confidence_level":0.95,"lower_bound":109.84022549617886,"upper_bound":111.55753314652179},"point_estimate":110.5301043832978,"standard_error":0.454002989427565},"Median":{"confidence_interval":{"confidence_level":0.95,"lower_bound":109.37061820154105,"upper_bound":110.12656452880654},"point_estimate":109.74108087878608,"standard_error":0.20185714657941847},"MedianAbsDev":{"confidence_interval":{"confidence_level":0.95,"lower_bound":0.9941849867837845,"upper_bound":1.8662108260714614},"point_estimate":1.3384099019819784,"standard_error":0.21892999018793344},"Slope":{"confidence_interval":{"confidence_level":0.95,"lower_bound":109.72764886339871,"upper_bound":110.50561597098472},"point_estimate":110.08387763884866,"standard_error":0.1997607571009796},"StdDev":{"confidence_interval":{"confidence_level":0.95,"lower_bound":1.6122653983394442,"upper_bound":7.438934765050074},"point_estimate":4.574324477123929,"standard_error":1.9442070403699039}}