{"Mean":{"confidence_interval":{"confidence_level":0.95,"lower_bound":85.77961571826992,"upper_bound":85.80094045918855},"point_estimate":85.78893428371136,"standard_error":0.005472055777629743},"Median":{"confidence_interval":{"confidence_level":0.95,"lower_bound":85.77969693726203,"upper_bound":85.79005156179073},"point_estimate":85.784280017273,"standard_error":0.0028158056849039615},"MedianAbsDev":{"confidence_interval":{"confidence_level":0.95,"lower_bound":0.017308910760333425,"upper_bound":0.025300438654233412},"point_estimate":0.021881922048396434,"standard_error":0.002062853399854123},"Slope":{"confidence_interval":{"confidence_level":0.95,"lower_bound":85.78092407248806,"upper_bound":85.78905228114519},"point_estimate":85.78495220674623,"standard_error":0.0020731211250779127},"StdDev":{"confidence_interval":{"confidence_level":0.95,"lower_bound":0.025151049335260245,"upper_bound":0.0841485413654516},"point_estimate":0.05487815968172458,"standard_error":0.01689353848546453}}