{"Mean":{"confidence_interval":{"confidence_level":0.95,"lower_bound":88.33547914183231,"upper_bound":89.92824844578168},"point_estimate":89.11397942920512,"standard_error":0.4077938127991909},"Median":{"confidence_interval":{"confidence_level":0.95,"lower_bound":86.94446929392768,"upper_bound":89.18767556978189},"point_estimate":88.04859364109227,"standard_error":0.5504585213322465},"MedianAbsDev":{"confidence_interval":{"confidence_level":0.95,"lower_bound":2.388609168384809,"upper_bound":4.333034185292138},"point_estimate":3.311812940483795,"standard_error":0.5063749482611762},"Slope":{"confidence_interval":{"confidence_level":0.95,"lower_bound":88.93462871146724,"upper_bound":91.16828481515014},"point_estimate":90.02835223253109,"standard_error":0.5697824537014552},"StdDev":{"confidence_interval":{"confidence_level":0.95,"lower_bound":3.351853919900344,"upper_bound":4.729560223181406},"point_estimate":4.0885590617039655,"standard_error":0.35130039640223365}}