{"Mean":{"confidence_interval":{"confidence_level":0.95,"lower_bound":86.7291117688926,"upper_bound":87.20122225213672},"point_estimate":86.90689199730672,"standard_error":0.1271860174672613},"Median":{"confidence_interval":{"confidence_level":0.95,"lower_bound":86.64134363422788,"upper_bound":86.75839259576011},"point_estimate":86.6999200418318,"standard_error":0.028870018705855375},"MedianAbsDev":{"confidence_interval":{"confidence_level":0.95,"lower_bound":0.12418673260289857,"upper_bound":0.2021747341807884},"point_estimate":0.15343516776316826,"standard_error":0.01968565482214273},"Slope":{"confidence_interval":{"confidence_level":0.95,"lower_bound":86.72634783398367,"upper_bound":86.8392549788937},"point_estimate":86.77808437868276,"standard_error":0.028879307366469213},"StdDev":{"confidence_interval":{"confidence_level":0.95,"lower_bound":0.205446906527468,"upper_bound":2.138106496818149},"point_estimate":1.2796947653603232,"standard_error":0.6128186419110395}}