{"Mean":{"confidence_interval":{"confidence_level":0.95,"lower_bound":101.26446711304325,"upper_bound":102.99584162038421},"point_estimate":102.10388209189267,"standard_error":0.4415455211862473},"Median":{"confidence_interval":{"confidence_level":0.95,"lower_bound":100.7270755339546,"upper_bound":102.56635760566573},"point_estimate":101.83331584664953,"standard_error":0.44178743334318393},"MedianAbsDev":{"confidence_interval":{"confidence_level":0.95,"lower_bound":2.619248849015329,"upper_bound":4.73788302672585},"point_estimate":3.331758166316837,"standard_error":0.5635071146751851},"Slope":{"confidence_interval":{"confidence_level":0.95,"lower_bound":101.77977646785983,"upper_bound":104.49119938416435},"point_estimate":103.04406731695842,"standard_error":0.6916267924963115},"StdDev":{"confidence_interval":{"confidence_level":0.95,"lower_bound":3.5003570068847982,"upper_bound":5.3636567120140874},"point_estimate":4.432144795016346,"standard_error":0.47920162846558373}}