{"Mean":{"confidence_interval":{"confidence_level":0.95,"lower_bound":98.89454551504662,"upper_bound":100.24201991690376},"point_estimate":99.5808110223454,"standard_error":0.3440005923876448},"Median":{"confidence_interval":{"confidence_level":0.95,"lower_bound":99.6463810091717,"upper_bound":100.90602017491553},"point_estimate":100.32169576404073,"standard_error":0.41254777433065803},"MedianAbsDev":{"confidence_interval":{"confidence_level":0.95,"lower_bound":2.024042114049304,"upper_bound":3.8399368787565265},"point_estimate":2.8293082001558028,"standard_error":0.48014033114240073},"Slope":{"confidence_interval":{"confidence_level":0.95,"lower_bound":99.98045212123316,"upper_bound":101.21586233511269},"point_estimate":100.61974640985312,"standard_error":0.3137217624841322},"StdDev":{"confidence_interval":{"confidence_level":0.95,"lower_bound":2.910685786045643,"upper_bound":3.9412547352367158},"point_estimate":3.4528154740045403,"standard_error":0.263132191161518}}