{"Mean":{"confidence_interval":{"confidence_level":0.95,"lower_bound":88.42067374524221,"upper_bound":90.0654947442513},"point_estimate":89.22648321741764,"standard_error":0.4210280765917277},"Median":{"confidence_interval":{"confidence_level":0.95,"lower_bound":86.94883852052322,"upper_bound":88.93878660343526},"point_estimate":87.69542501266866,"standard_error":0.48244996942030993},"MedianAbsDev":{"confidence_interval":{"confidence_level":0.95,"lower_bound":2.3063673918780747,"upper_bound":4.859355221496969},"point_estimate":3.40769039850355,"standard_error":0.599136261006187},"Slope":{"confidence_interval":{"confidence_level":0.95,"lower_bound":88.25111499434009,"upper_bound":90.12081183689374},"point_estimate":89.15581965732372,"standard_error":0.47829483483547247},"StdDev":{"confidence_interval":{"confidence_level":0.95,"lower_bound":3.6829441791160655,"upper_bound":4.702992228289388},"point_estimate":4.239266348761545,"standard_error":0.26004339315320857}}