{"Mean":{"confidence_interval":{"confidence_level":0.95,"lower_bound":110.00557679175462,"upper_bound":112.18657630427468},"point_estimate":110.95487527920668,"standard_error":0.5607482645649616},"Median":{"confidence_interval":{"confidence_level":0.95,"lower_bound":109.36911906349559,"upper_bound":110.05570909990803},"point_estimate":109.66471260653628,"standard_error":0.16874356958684664},"MedianAbsDev":{"confidence_interval":{"confidence_level":0.95,"lower_bound":1.0553239277430995,"upper_bound":1.890037393135017},"point_estimate":1.4639183572065242,"standard_error":0.20907878291807283},"Slope":{"confidence_interval":{"confidence_level":0.95,"lower_bound":110.20560963273212,"upper_bound":111.69221377674245},"point_estimate":110.86911237750057,"standard_error":0.3825589778026986},"StdDev":{"confidence_interval":{"confidence_level":0.95,"lower_bound":2.2436503259645786,"upper_bound":8.505332046050484},"point_estimate":5.6399733885854975,"standard_error":1.6508317289490433}}