{"Mean":{"confidence_interval":{"confidence_level":0.95,"lower_bound":106.27692773457309,"upper_bound":108.63618856409062},"point_estimate":107.32572542311821,"standard_error":0.6057350601078695},"Median":{"confidence_interval":{"confidence_level":0.95,"lower_bound":105.49087419732574,"upper_bound":106.7261825398397},"point_estimate":105.8067538266569,"standard_error":0.31987604321916224},"MedianAbsDev":{"confidence_interval":{"confidence_level":0.95,"lower_bound":1.8489501875931063,"upper_bound":3.2970437564504333},"point_estimate":2.499254311274235,"standard_error":0.3855362003034102},"Slope":{"confidence_interval":{"confidence_level":0.95,"lower_bound":106.03454987657007,"upper_bound":107.21583191249817},"point_estimate":106.59431807022027,"standard_error":0.30072202486465827},"StdDev":{"confidence_interval":{"confidence_level":0.95,"lower_bound":3.2558159749646243,"upper_bound":8.982959855760326},"point_estimate":6.113352051191827,"standard_error":1.615599803707653}}