{"Mean":{"confidence_interval":{"confidence_level":0.95,"lower_bound":103.28197129472053,"upper_bound":103.37324201081783},"point_estimate":103.33007187548301,"standard_error":0.023243510456740214},"Median":{"confidence_interval":{"confidence_level":0.95,"lower_bound":103.35898008917422,"upper_bound":103.40642007838025},"point_estimate":103.38187092012086,"standard_error":0.012940934616952265},"MedianAbsDev":{"confidence_interval":{"confidence_level":0.95,"lower_bound":0.07347848335752485,"upper_bound":0.1307648038774373},"point_estimate":0.09529542462088246,"standard_error":0.014750790065553928},"Slope":{"confidence_interval":{"confidence_level":0.95,"lower_bound":103.19419187142768,"upper_bound":103.34295403033526},"point_estimate":103.26939432958103,"standard_error":0.03794916631731511},"StdDev":{"confidence_interval":{"confidence_level":0.95,"lower_bound":0.17058574638628293,"upper_bound":0.288360718559747},"point_estimate":0.2340184911700008,"standard_error":0.03017124650458861}}