{"Mean":{"confidence_interval":{"confidence_level":0.95,"lower_bound":85.78973393847797,"upper_bound":85.8179966190622},"point_estimate":85.80267285520216,"standard_error":0.007260545392967403},"Median":{"confidence_interval":{"confidence_level":0.95,"lower_bound":85.7793619540733,"upper_bound":85.78980278509808},"point_estimate":85.78359473419175,"standard_error":0.002713757319215336},"MedianAbsDev":{"confidence_interval":{"confidence_level":0.95,"lower_bound":0.015996242872920428,"upper_bound":0.026697069462924886},"point_estimate":0.02138737098402455,"standard_error":0.002660090701791537},"Slope":{"confidence_interval":{"confidence_level":0.95,"lower_bound":85.78419414898976,"upper_bound":85.80479158121489},"point_estimate":85.79329101467171,"standard_error":0.005284116598583663},"StdDev":{"confidence_interval":{"confidence_level":0.95,"lower_bound":0.042081829066379785,"upper_bound":0.09767049984707336},"point_estimate":0.07296871722620722,"standard_error":0.014064621456562702}}