{"Mean":{"confidence_interval":{"confidence_level":0.95,"lower_bound":68564.64702469713,"upper_bound":70201.07293820045},"point_estimate":69270.14076775857,"standard_error":420.5205189909052},"Median":{"confidence_interval":{"confidence_level":0.95,"lower_bound":68513.04637681159,"upper_bound":69338.91985201629},"point_estimate":68804.38969696971,"standard_error":212.97499669364487},"MedianAbsDev":{"confidence_interval":{"confidence_level":0.95,"lower_bound":1345.1659673730112,"upper_bound":2394.222514944777},"point_estimate":1963.4627800809458,"standard_error":278.54202604074936},"Slope":{"confidence_interval":{"confidence_level":0.95,"lower_bound":69047.57540166743,"upper_bound":70452.58016374467},"point_estimate":69653.66598788237,"standard_error":363.8180502390147},"StdDev":{"confidence_interval":{"confidence_level":0.95,"lower_bound":1886.7271675977129,"upper_bound":6531.747765881631},"point_estimate":4237.475152007141,"standard_error":1367.889279173386}}