{"Mean":{"confidence_interval":{"confidence_level":0.95,"lower_bound":69353.33430041547,"upper_bound":69834.66471072509},"point_estimate":69603.07380069513,"standard_error":122.97962387557602},"Median":{"confidence_interval":{"confidence_level":0.95,"lower_bound":69596.67188057041,"upper_bound":70145.2617370892},"point_estimate":69852.20021367521,"standard_error":136.48992446666648},"MedianAbsDev":{"confidence_interval":{"confidence_level":0.95,"lower_bound":850.4365118491149,"upper_bound":1385.5063581424733},"point_estimate":1159.9349774715497,"standard_error":138.85741374839438},"Slope":{"confidence_interval":{"confidence_level":0.95,"lower_bound":69156.26874665306,"upper_bound":69804.68424209795},"point_estimate":69486.88039860106,"standard_error":165.90405095646275},"StdDev":{"confidence_interval":{"confidence_level":0.95,"lower_bound":1006.1844853823527,"upper_bound":1445.3912241940232},"point_estimate":1237.1592970320569,"standard_error":112.03092193822933}}