{"Mean":{"confidence_interval":{"confidence_level":0.95,"lower_bound":67706.97261915648,"upper_bound":67855.640586827},"point_estimate":67769.86506440077,"standard_error":38.672912983353534},"Median":{"confidence_interval":{"confidence_level":0.95,"lower_bound":67677.54942265795,"upper_bound":67704.4724137931},"point_estimate":67686.78205128206,"standard_error":6.567510941999558},"MedianAbsDev":{"confidence_interval":{"confidence_level":0.95,"lower_bound":39.67089055211693,"upper_bound":73.39345062007995},"point_estimate":53.18741326967812,"standard_error":9.086531068441518},"Slope":{"confidence_interval":{"confidence_level":0.95,"lower_bound":67713.93316958923,"upper_bound":67861.49063708639},"point_estimate":67777.14676892763,"standard_error":38.092459012892206},"StdDev":{"confidence_interval":{"confidence_level":0.95,"lower_bound":134.1805689229228,"upper_bound":609.137105132015},"point_estimate":388.50092396737443,"standard_error":135.44504079288046}}