{"Mean":{"confidence_interval":{"confidence_level":0.95,"lower_bound":62121.99573466529,"upper_bound":63069.170442040224},"point_estimate":62581.203272530955,"standard_error":241.7122358224978},"Median":{"confidence_interval":{"confidence_level":0.95,"lower_bound":61787.20400500626,"upper_bound":62637.192156862744},"point_estimate":62045.35061051068,"standard_error":201.4552121590279},"MedianAbsDev":{"confidence_interval":{"confidence_level":0.95,"lower_bound":1424.2770334422682,"upper_bound":2306.0614123798996},"point_estimate":1886.4169039723224,"standard_error":226.41821790151053},"Slope":{"confidence_interval":{"confidence_level":0.95,"lower_bound":62247.700777020145,"upper_bound":63358.837946208376},"point_estimate":62773.12780187588,"standard_error":283.1671404567611},"StdDev":{"confidence_interval":{"confidence_level":0.95,"lower_bound":1954.7590983709554,"upper_bound":2837.592966351582},"point_estimate":2425.753067071489,"standard_error":225.14159728223987}}