{"Mean":{"confidence_interval":{"confidence_level":0.95,"lower_bound":67763.61611806326,"upper_bound":68631.64013020268},"point_estimate":68136.09807778796,"standard_error":229.37611773500234},"Median":{"confidence_interval":{"confidence_level":0.95,"lower_bound":67602.62222222223,"upper_bound":67651.96754385965},"point_estimate":67623.7002651515,"standard_error":11.454606790675347},"MedianAbsDev":{"confidence_interval":{"confidence_level":0.95,"lower_bound":58.08195991511876,"upper_bound":116.09857566919598},"point_estimate":76.06051458385011,"standard_error":14.586374760242888},"Slope":{"confidence_interval":{"confidence_level":0.95,"lower_bound":67622.02435641119,"upper_bound":67668.90268254903},"point_estimate":67644.29789015319,"standard_error":11.965941209174732},"StdDev":{"confidence_interval":{"confidence_level":0.95,"lower_bound":997.0431678888574,"upper_bound":3272.462008537991},"point_estimate":2318.599877479121,"standard_error":600.7266516554224}}