{"Mean":{"confidence_interval":{"confidence_level":0.95,"lower_bound":70077.78035617902,"upper_bound":70317.17865211434},"point_estimate":70161.64321282634,"standard_error":73.70588057148524},"Median":{"confidence_interval":{"confidence_level":0.95,"lower_bound":70089.89333333333,"upper_bound":70101.67450980392},"point_estimate":70093.82939466032,"standard_error":3.426187942753166},"MedianAbsDev":{"confidence_interval":{"confidence_level":0.95,"lower_bound":15.060278286824072,"upper_bound":24.18163799569281},"point_estimate":19.593625303745448,"standard_error":2.3384551338259674},"Slope":{"confidence_interval":{"confidence_level":0.95,"lower_bound":70061.54344554167,"upper_bound":70463.78279556659},"point_estimate":70194.37494212108,"standard_error":116.09368723510133},"StdDev":{"confidence_interval":{"confidence_level":0.95,"lower_bound":46.16765586551083,"upper_bound":1265.117944897981},"point_estimate":738.650304153067,"standard_error":434.10650552336404}}