{"Mean":{"confidence_interval":{"confidence_level":0.95,"lower_bound":138245.34633728993,"upper_bound":139435.8701608514},"point_estimate":138891.6772304539,"standard_error":303.3684359903646},"Median":{"confidence_interval":{"confidence_level":0.95,"lower_bound":138813.10416666666,"upper_bound":139911.66228070174},"point_estimate":139466.07147988505,"standard_error":320.3354071476917},"MedianAbsDev":{"confidence_interval":{"confidence_level":0.95,"lower_bound":1593.9771014426192,"upper_bound":2575.350284278397},"point_estimate":1986.1848211039064,"standard_error":255.23818184799893},"Slope":{"confidence_interval":{"confidence_level":0.95,"lower_bound":138682.78458136934,"upper_bound":139592.4540616011},"point_estimate":139151.01685828285,"standard_error":232.0154366490429},"StdDev":{"confidence_interval":{"confidence_level":0.95,"lower_bound":1818.176004338038,"upper_bound":4169.899369590186},"point_estimate":3029.7863797343894,"standard_error":612.5121341293303}}