{"Mean":{"confidence_interval":{"confidence_level":0.95,"lower_bound":135324.70860412694,"upper_bound":135576.23517207504},"point_estimate":135432.44282229754,"standard_error":64.97061598886047},"Median":{"confidence_interval":{"confidence_level":0.95,"lower_bound":135278.79761904763,"upper_bound":135338.7775974026},"point_estimate":135309.62180200222,"standard_error":13.998948080309892},"MedianAbsDev":{"confidence_interval":{"confidence_level":0.95,"lower_bound":78.42184131913858,"upper_bound":141.5613497189177},"point_estimate":105.6034270568164,"standard_error":16.12453894053911},"Slope":{"confidence_interval":{"confidence_level":0.95,"lower_bound":135344.23327203182,"upper_bound":135613.00931981986},"point_estimate":135447.54571080243,"standard_error":71.83797742320884},"StdDev":{"confidence_interval":{"confidence_level":0.95,"lower_bound":183.3593269028815,"upper_bound":980.9071350678613},"point_estimate":650.8700416785105,"standard_error":208.82147903925528}}