{"Mean":{"confidence_interval":{"confidence_level":0.95,"lower_bound":86957.73611841023,"upper_bound":87103.99689992999},"point_estimate":87017.30386885496,"standard_error":38.33517942707725},"Median":{"confidence_interval":{"confidence_level":0.95,"lower_bound":86936.76666666666,"upper_bound":87000.125},"point_estimate":86964.46579861111,"standard_error":15.288500877347893},"MedianAbsDev":{"confidence_interval":{"confidence_level":0.95,"lower_bound":116.5512112941029,"upper_bound":186.84430699385103},"point_estimate":151.97863040888532,"standard_error":17.65327091004159},"Slope":{"confidence_interval":{"confidence_level":0.95,"lower_bound":86964.66346316563,"upper_bound":87046.44792946268},"point_estimate":87004.32134328358,"standard_error":20.78625886680723},"StdDev":{"confidence_interval":{"confidence_level":0.95,"lower_bound":147.6062641548869,"upper_bound":621.2049460800849},"point_estimate":385.98015106852984,"standard_error":155.5969822617997}}