{"Mean":{"confidence_interval":{"confidence_level":0.95,"lower_bound":138528.68939884068,"upper_bound":142546.91521151582},"point_estimate":140385.0421588089,"standard_error":1025.0077336401503},"Median":{"confidence_interval":{"confidence_level":0.95,"lower_bound":136908.0783898305,"upper_bound":138523.07154850746},"point_estimate":137803.7093373494,"standard_error":416.1711101851593},"MedianAbsDev":{"confidence_interval":{"confidence_level":0.95,"lower_bound":2606.6333793372887,"upper_bound":5562.291986835676},"point_estimate":3774.7984998311626,"standard_error":773.7995498289923},"Slope":{"confidence_interval":{"confidence_level":0.95,"lower_bound":139245.83920757307,"upper_bound":143518.47847472638},"point_estimate":141143.48006169646,"standard_error":1096.261128502828},"StdDev":{"confidence_interval":{"confidence_level":0.95,"lower_bound":6391.284701676781,"upper_bound":14232.538742062836},"point_estimate":10355.422096266317,"standard_error":2071.8809892538475}}