{"Mean":{"confidence_interval":{"confidence_level":0.95,"lower_bound":122769.53745439656,"upper_bound":124919.68033853975},"point_estimate":123794.43161129694,"standard_error":548.4716890094065},"Median":{"confidence_interval":{"confidence_level":0.95,"lower_bound":121477.4584090909,"upper_bound":123354.89285714286},"point_estimate":122586.71528213166,"standard_error":495.4794684803562},"MedianAbsDev":{"confidence_interval":{"confidence_level":0.95,"lower_bound":2792.850616369787,"upper_bound":4689.974764555939},"point_estimate":3757.656074639162,"standard_error":510.29504118565984},"Slope":{"confidence_interval":{"confidence_level":0.95,"lower_bound":122566.1904887183,"upper_bound":125284.11093269144},"point_estimate":123878.71369587706,"standard_error":696.9044823022617},"StdDev":{"confidence_interval":{"confidence_level":0.95,"lower_bound":4188.525323386828,"upper_bound":6704.669385512591},"point_estimate":5505.539594838889,"standard_error":643.8729668299508}}